"Time","no2_aq10"
2025-02-18 13:30:00,2.70
2025-02-18 13:30:05,2.74
2025-02-18 13:30:10,2.59
2025-02-18 13:30:15,2.69
2025-02-18 13:30:20,2.71
2025-02-18 13:30:25,2.66
2025-02-18 13:30:30,2.71
2025-02-18 13:30:35,2.69
2025-02-18 13:30:40,2.70
2025-02-18 13:30:45,2.60
2025-02-18 13:30:50,2.68
2025-02-18 13:30:55,2.63
2025-02-18 13:31:00,2.63
2025-02-18 13:31:05,2.70
2025-02-18 13:31:10,2.71
2025-02-18 13:31:15,2.76
2025-02-18 13:31:20,2.69
2025-02-18 13:31:25,2.81
2025-02-18 13:31:30,2.74
2025-02-18 13:31:35,2.88
2025-02-18 13:31:40,2.69
2025-02-18 13:31:45,2.70
2025-02-18 13:31:50,2.86
2025-02-18 13:31:55,2.91
2025-02-18 13:32:00,2.79
2025-02-18 13:32:05,2.84
2025-02-18 13:32:10,2.88
2025-02-18 13:32:15,2.74
2025-02-18 13:32:20,2.84
2025-02-18 13:32:25,2.82
2025-02-18 13:32:30,2.84
2025-02-18 13:32:35,2.80
2025-02-18 13:32:40,2.80
2025-02-18 13:32:45,2.90
2025-02-18 13:32:50,3.24
2025-02-18 13:32:55,2.53
2025-02-18 13:33:00,2.22
2025-02-18 13:33:05,2.55
2025-02-18 13:33:10,3.00
2025-02-18 13:33:15,2.98
2025-02-18 13:33:20,2.95
2025-02-18 13:33:25,2.70
2025-02-18 13:33:30,2.86
2025-02-18 13:33:35,3.00
2025-02-18 13:33:40,2.80
2025-02-18 13:33:45,2.98
2025-02-18 13:33:50,2.95
2025-02-18 13:33:55,3.06
2025-02-18 13:34:00,2.98
2025-02-18 13:34:05,2.91
2025-02-18 13:34:10,2.75
2025-02-18 13:34:15,2.79
2025-02-18 13:34:20,2.72
2025-02-18 13:34:25,2.74
2025-02-18 13:34:30,2.93
2025-02-18 13:34:35,2.26
2025-02-18 13:34:40,2.09
2025-02-18 13:34:45,2.13
2025-02-18 13:34:50,2.32
2025-02-18 13:34:55,2.37
2025-02-18 13:35:00,2.49
2025-02-18 13:35:05,2.45
2025-02-18 13:35:10,2.99
2025-02-18 13:35:15,3.11
2025-02-18 13:35:20,3.11
2025-02-18 13:35:25,2.92
2025-02-18 13:35:30,2.82
2025-02-18 13:35:35,2.94
2025-02-18 13:35:40,2.95
2025-02-18 13:35:45,2.91
2025-02-18 13:35:50,2.93
2025-02-18 13:35:55,2.87
2025-02-18 13:36:00,2.87
2025-02-18 13:36:05,2.88
2025-02-18 13:36:10,2.81
2025-02-18 13:36:15,2.89
2025-02-18 13:36:20,2.91
2025-02-18 13:36:25,2.91
2025-02-18 13:36:30,2.91
2025-02-18 13:36:35,2.82
2025-02-18 13:36:40,2.91
2025-02-18 13:36:45,2.95
2025-02-18 13:36:50,2.99
2025-02-18 13:36:55,2.94
2025-02-18 13:37:00,2.92
2025-02-18 13:37:05,2.92
2025-02-18 13:37:10,3.01
2025-02-18 13:37:15,2.91
2025-02-18 13:37:20,2.89
2025-02-18 13:37:25,2.98
2025-02-18 13:37:30,2.91
2025-02-18 13:37:35,2.93
2025-02-18 13:37:40,2.85
2025-02-18 13:37:45,2.92
2025-02-18 13:37:50,2.79
2025-02-18 13:37:55,2.91
2025-02-18 13:38:00,2.87
2025-02-18 13:38:05,2.91
2025-02-18 13:38:10,2.81
2025-02-18 13:38:15,2.80
2025-02-18 13:38:20,2.90
2025-02-18 13:38:25,2.97
2025-02-18 13:38:30,2.96
2025-02-18 13:38:35,3.07
2025-02-18 13:38:40,2.85
2025-02-18 13:38:45,2.89
2025-02-18 13:38:50,2.82
2025-02-18 13:38:55,2.88
2025-02-18 13:39:00,2.90
2025-02-18 13:39:05,2.89
2025-02-18 13:39:10,2.88
2025-02-18 13:39:15,3.00
2025-02-18 13:39:20,2.97
2025-02-18 13:39:25,2.86
2025-02-18 13:39:30,2.80
2025-02-18 13:39:35,2.83
2025-02-18 13:39:40,2.89
2025-02-18 13:39:45,2.98
2025-02-18 13:39:50,2.86
2025-02-18 13:39:55,2.64
2025-02-18 13:40:00,2.74
2025-02-18 13:40:05,2.71
2025-02-18 13:40:10,2.77
2025-02-18 13:40:15,2.90
2025-02-18 13:40:20,2.84
2025-02-18 13:40:25,2.89
2025-02-18 13:40:30,2.92
2025-02-18 13:40:35,2.90
2025-02-18 13:40:40,2.95
2025-02-18 13:40:45,2.87
2025-02-18 13:40:50,2.79
2025-02-18 13:40:55,2.86
2025-02-18 13:41:00,2.72
2025-02-18 13:41:05,2.75
2025-02-18 13:41:10,2.79
2025-02-18 13:41:15,2.99
2025-02-18 13:41:20,2.85
2025-02-18 13:41:25,2.90
2025-02-18 13:41:30,2.90
2025-02-18 13:41:35,2.91
2025-02-18 13:41:40,2.91
2025-02-18 13:41:45,2.87
2025-02-18 13:41:50,2.78
2025-02-18 13:41:55,2.98
2025-02-18 13:42:00,2.80
2025-02-18 13:42:05,2.75
2025-02-18 13:42:10,2.89
2025-02-18 13:42:15,2.92
2025-02-18 13:42:20,2.84
2025-02-18 13:42:25,2.77
2025-02-18 13:42:30,2.84
2025-02-18 13:42:35,2.86
2025-02-18 13:42:40,2.85
2025-02-18 13:42:45,2.83
2025-02-18 13:42:50,2.90
2025-02-18 13:42:55,2.83
2025-02-18 13:43:00,2.79
2025-02-18 13:43:05,2.92
2025-02-18 13:43:10,2.80
2025-02-18 13:43:15,2.83
2025-02-18 13:43:20,2.72
2025-02-18 13:43:25,2.66
2025-02-18 13:43:30,2.76
2025-02-18 13:43:35,2.74
2025-02-18 13:43:40,2.66
2025-02-18 13:43:45,2.80
2025-02-18 13:43:50,2.74
2025-02-18 13:43:55,2.80
2025-02-18 13:44:00,2.84
2025-02-18 13:44:05,2.89
2025-02-18 13:44:10,2.91
2025-02-18 13:44:15,2.79
2025-02-18 13:44:20,2.74
2025-02-18 13:44:25,2.82
2025-02-18 13:44:30,2.80
2025-02-18 13:44:35,2.46
2025-02-18 13:44:40,2.74
2025-02-18 13:44:45,2.57
2025-02-18 13:44:50,1.38
2025-02-18 13:44:55,1.81
2025-02-18 13:45:00,1.84
2025-02-18 13:45:05,1.71
2025-02-18 13:45:10,1.70
2025-02-18 13:45:15,1.91
2025-02-18 13:45:20,2.42
2025-02-18 13:45:25,1.74
2025-02-18 13:45:30,1.96
2025-02-18 13:45:35,2.00
2025-02-18 13:45:40,2.11
2025-02-18 13:45:45,2.05
2025-02-18 13:45:50,2.36
2025-02-18 13:45:55,3.04
2025-02-18 13:46:00,1.56
2025-02-18 13:46:05,1.76
2025-02-18 13:46:10,1.78
2025-02-18 13:46:15,2.68
2025-02-18 13:46:20,2.66
2025-02-18 13:46:25,2.49
2025-02-18 13:46:30,2.64
2025-02-18 13:46:35,2.94
2025-02-18 13:46:40,3.28
2025-02-18 13:46:45,3.28
2025-02-18 13:46:50,2.47
2025-02-18 13:46:55,3.01
2025-02-18 13:47:00,3.98
2025-02-18 13:47:05,3.24
2025-02-18 13:47:10,2.61
2025-02-18 13:47:15,3.43
2025-02-18 13:47:20,3.59
2025-02-18 13:47:25,3.51
2025-02-18 13:47:30,2.94
2025-02-18 13:47:35,2.74
2025-02-18 13:47:40,2.57
2025-02-18 13:47:45,3.10
2025-02-18 13:47:50,3.50
2025-02-18 13:47:55,3.41
2025-02-18 13:48:00,3.14
2025-02-18 13:48:05,2.92
2025-02-18 13:48:10,3.29
2025-02-18 13:48:15,3.05
2025-02-18 13:48:20,3.16
2025-02-18 13:48:25,3.97
2025-02-18 13:48:30,3.96
2025-02-18 13:48:35,3.84
2025-02-18 13:48:40,3.01
2025-02-18 13:48:45,3.17
2025-02-18 13:48:50,3.71
2025-02-18 13:48:55,3.27
2025-02-18 13:49:00,2.94
2025-02-18 13:49:05,3.67
2025-02-18 13:49:10,4.03
2025-02-18 13:49:15,3.33
2025-02-18 13:49:20,3.15
2025-02-18 13:49:25,4.08
2025-02-18 13:49:30,4.69
2025-02-18 13:49:35,4.27
2025-02-18 13:49:40,3.71
2025-02-18 13:49:45,3.79
2025-02-18 13:49:50,4.23
2025-02-18 13:49:55,4.73
2025-02-18 13:50:00,2.74
2025-02-18 13:50:05,5.79
2025-02-18 13:50:10,5.33
2025-02-18 13:50:15,5.30
2025-02-18 13:50:20,4.68
2025-02-18 13:50:25,2.87
2025-02-18 13:50:30,2.45
2025-02-18 13:50:35,3.17
2025-02-18 13:50:40,4.17
2025-02-18 13:50:45,5.08
2025-02-18 13:50:50,7.30
2025-02-18 13:50:55,9.31
2025-02-18 13:51:00,6.16
2025-02-18 13:51:05,5.15
2025-02-18 13:51:10,4.94
2025-02-18 13:51:15,4.28
2025-02-18 13:51:20,2.87
2025-02-18 13:51:25,3.82
2025-02-18 13:51:30,3.92
2025-02-18 13:51:35,3.33
2025-02-18 13:51:40,2.61
2025-02-18 13:51:45,3.82
2025-02-18 13:51:50,4.55
2025-02-18 13:51:55,5.08
2025-02-18 13:52:00,5.64
2025-02-18 13:52:05,4.63
2025-02-18 13:52:10,2.30
2025-02-18 13:52:15,1.31
2025-02-18 13:52:20,1.22
2025-02-18 13:52:25,1.50
2025-02-18 13:52:30,2.06
2025-02-18 13:52:35,2.38
2025-02-18 13:52:40,2.42
2025-02-18 13:52:45,2.73
2025-02-18 13:52:50,2.14
2025-02-18 13:52:55,2.05
2025-02-18 13:53:00,2.87
2025-02-18 13:53:05,2.74
2025-02-18 13:53:10,2.87
2025-02-18 13:53:15,3.72
2025-02-18 13:53:20,3.32
2025-02-18 13:53:25,3.41
2025-02-18 13:53:30,3.42
2025-02-18 13:53:35,4.33
2025-02-18 13:53:40,5.28
2025-02-18 13:53:45,4.80
2025-02-18 13:53:50,5.10
2025-02-18 13:53:55,5.33
2025-02-18 13:54:00,5.56
2025-02-18 13:54:05,5.55
2025-02-18 13:54:10,6.95
2025-02-18 13:54:15,6.40
2025-02-18 13:54:20,6.25
2025-02-18 13:54:25,5.70
2025-02-18 13:54:30,5.61
2025-02-18 13:54:35,6.61
2025-02-18 13:54:40,6.63
2025-02-18 13:54:45,5.74
2025-02-18 13:54:50,6.10
2025-02-18 13:54:55,5.79
2025-02-18 13:55:00,5.83
2025-02-18 13:55:05,6.06
2025-02-18 13:55:10,4.24
2025-02-18 13:55:15,5.07
2025-02-18 13:55:20,5.24
2025-02-18 13:55:25,5.67
2025-02-18 13:55:30,6.39
2025-02-18 13:55:35,6.09
2025-02-18 13:55:40,6.24
2025-02-18 13:55:45,8.40
2025-02-18 13:55:50,7.69
2025-02-18 13:55:55,8.12
2025-02-18 13:56:00,8.15
2025-02-18 13:56:05,6.80
2025-02-18 13:56:10,5.98
2025-02-18 13:56:15,6.57
2025-02-18 13:56:20,7.37
2025-02-18 13:56:25,5.63
2025-02-18 13:56:30,9.24
2025-02-18 13:56:35,13.1
2025-02-18 13:56:40,12.8
2025-02-18 13:56:45,14.7
2025-02-18 13:56:50,14.4
2025-02-18 13:56:55,9.98
2025-02-18 13:57:00,9.51
2025-02-18 13:57:05,8.71
2025-02-18 13:57:10,12.0
2025-02-18 13:57:15,9.46
2025-02-18 13:57:20,10.3
2025-02-18 13:57:25,14.8
2025-02-18 13:57:30,12.0
2025-02-18 13:57:35,11.7
2025-02-18 13:57:40,8.01
2025-02-18 13:57:45,5.93
2025-02-18 13:57:50,4.60
2025-02-18 13:57:55,4.57
2025-02-18 13:58:00,5.35
2025-02-18 13:58:05,4.75
2025-02-18 13:58:10,3.67
2025-02-18 13:58:15,3.49
2025-02-18 13:58:20,4.02
2025-02-18 13:58:25,4.25
2025-02-18 13:58:30,5.01
2025-02-18 13:58:35,5.77
2025-02-18 13:58:40,5.16
2025-02-18 13:58:45,5.44
2025-02-18 13:58:50,6.17
2025-02-18 13:58:55,5.86
2025-02-18 13:59:00,6.09
2025-02-18 13:59:05,6.07
2025-02-18 13:59:10,7.23
2025-02-18 13:59:15,6.97
2025-02-18 13:59:20,6.80
2025-02-18 13:59:25,6.33
2025-02-18 13:59:30,6.44
2025-02-18 13:59:35,6.57
2025-02-18 13:59:40,6.77
2025-02-18 13:59:45,6.79
2025-02-18 13:59:50,7.53
2025-02-18 13:59:55,9.42
2025-02-18 14:00:00,9.16
2025-02-18 14:00:05,8.32
2025-02-18 14:00:10,8.58
2025-02-18 14:00:15,7.89
2025-02-18 14:00:20,8.05
2025-02-18 14:00:25,8.22
2025-02-18 14:00:30,8.85
2025-02-18 14:00:35,8.61
2025-02-18 14:00:40,7.71
2025-02-18 14:00:45,9.15
2025-02-18 14:00:50,9.09
2025-02-18 14:00:55,9.50
2025-02-18 14:01:00,9.27
2025-02-18 14:01:05,10.4
2025-02-18 14:01:10,9.82
2025-02-18 14:01:15,9.43
2025-02-18 14:01:20,9.90
2025-02-18 14:01:25,9.59
2025-02-18 14:01:30,8.48
2025-02-18 14:01:35,8.00
2025-02-18 14:01:40,7.27
2025-02-18 14:01:45,10.2
2025-02-18 14:01:50,8.52
2025-02-18 14:01:55,9.93
2025-02-18 14:02:00,8.34
2025-02-18 14:02:05,8.64
2025-02-18 14:02:10,6.55
2025-02-18 14:02:15,7.99
2025-02-18 14:02:20,7.66
2025-02-18 14:02:25,7.97
2025-02-18 14:02:30,7.40
2025-02-18 14:02:35,7.09
2025-02-18 14:02:40,6.05
2025-02-18 14:02:45,7.05
2025-02-18 14:02:50,6.53
2025-02-18 14:02:55,6.21
2025-02-18 14:03:00,7.48
2025-02-18 14:03:05,7.05
2025-02-18 14:03:10,7.29
2025-02-18 14:03:15,8.45
2025-02-18 14:03:20,8.89
2025-02-18 14:03:25,10.3
2025-02-18 14:03:30,14.4
2025-02-18 14:03:35,21.1
2025-02-18 14:03:40,31.5
2025-02-18 14:03:45,34.1
2025-02-18 14:03:50,42.3
2025-02-18 14:03:55,32.5
2025-02-18 14:04:00,23.8
2025-02-18 14:04:05,21.5
2025-02-18 14:04:10,18.6
2025-02-18 14:04:15,15.6
2025-02-18 14:04:20,18.5
2025-02-18 14:04:25,19.2
2025-02-18 14:04:30,16.0
2025-02-18 14:04:35,14.7
2025-02-18 14:04:40,14.0
2025-02-18 14:04:45,13.9
2025-02-18 14:04:50,14.2
2025-02-18 14:04:55,14.2
2025-02-18 14:05:00,13.8
2025-02-18 14:05:05,14.9
2025-02-18 14:05:10,15.3
2025-02-18 14:05:15,14.8
2025-02-18 14:05:20,14.7
2025-02-18 14:05:25,12.0
2025-02-18 14:05:30,14.2
2025-02-18 14:05:35,16.2
2025-02-18 14:05:40,14.9
2025-02-18 14:05:45,18.4
2025-02-18 14:05:50,17.5
2025-02-18 14:05:55,14.4
2025-02-18 14:06:00,10.9
2025-02-18 14:06:05,17.6
2025-02-18 14:06:10,15.4
2025-02-18 14:06:15,13.3
2025-02-18 14:06:20,15.7
2025-02-18 14:06:25,13.1
2025-02-18 14:06:30,13.1
2025-02-18 14:06:35,12.3
2025-02-18 14:06:40,9.74
2025-02-18 14:06:45,12.3
2025-02-18 14:06:50,11.2
2025-02-18 14:06:55,11.6
2025-02-18 14:07:00,7.14
2025-02-18 14:07:05,9.48
2025-02-18 14:07:10,8.09
2025-02-18 14:07:15,6.66
2025-02-18 14:07:20,5.07
2025-02-18 14:07:25,9.39
2025-02-18 14:07:30,8.16
2025-02-18 14:07:35,6.99
2025-02-18 14:07:40,4.96
2025-02-18 14:07:45,6.43
2025-02-18 14:07:50,7.98
2025-02-18 14:07:55,9.46
2025-02-18 14:08:00,11.9
2025-02-18 14:08:05,10.8
2025-02-18 14:08:10,10.4
2025-02-18 14:08:15,11.0
2025-02-18 14:08:20,9.38
2025-02-18 14:08:25,10.1
2025-02-18 14:08:30,9.82
2025-02-18 14:08:35,10.7
2025-02-18 14:08:40,12.9
2025-02-18 14:08:45,11.7
2025-02-18 14:08:50,10.3
2025-02-18 14:08:55,10.6
2025-02-18 14:09:00,11.0
2025-02-18 14:09:05,11.3
2025-02-18 14:09:10,11.6
2025-02-18 14:09:15,14.1
2025-02-18 14:09:20,13.6
2025-02-18 14:09:25,12.9
2025-02-18 14:09:30,10.5
2025-02-18 14:09:35,10.9
2025-02-18 14:09:40,9.55
2025-02-18 14:09:45,15.5
2025-02-18 14:09:50,12.3
2025-02-18 14:09:55,8.20
2025-02-18 14:10:00,9.12
2025-02-18 14:10:05,7.36
2025-02-18 14:10:10,8.17
2025-02-18 14:10:15,9.92
2025-02-18 14:10:20,9.40
2025-02-18 14:10:25,9.49
2025-02-18 14:10:30,14.5
2025-02-18 14:10:35,11.0
2025-02-18 14:10:40,13.2
2025-02-18 14:10:45,10.3
2025-02-18 14:10:50,8.92
2025-02-18 14:10:55,10.4
2025-02-18 14:11:00,7.23
2025-02-18 14:11:05,9.52
2025-02-18 14:11:10,9.74
2025-02-18 14:11:15,10.5
2025-02-18 14:11:20,9.80
2025-02-18 14:11:25,9.03
2025-02-18 14:11:30,9.61
2025-02-18 14:11:35,9.55
2025-02-18 14:11:40,10.6
2025-02-18 14:11:45,10.9
2025-02-18 14:11:50,8.21
2025-02-18 14:11:55,8.55
2025-02-18 14:12:00,8.30
2025-02-18 14:12:05,9.41
2025-02-18 14:12:10,7.11
2025-02-18 14:12:15,7.53
2025-02-18 14:12:20,7.16
2025-02-18 14:12:25,8.01
2025-02-18 14:12:30,9.58
2025-02-18 14:12:35,9.82
2025-02-18 14:12:40,8.47
2025-02-18 14:12:45,5.74
2025-02-18 14:12:50,7.28
2025-02-18 14:12:55,9.39
2025-02-18 14:13:00,7.29
2025-02-18 14:13:05,6.54
2025-02-18 14:13:10,6.40
2025-02-18 14:13:15,6.08
2025-02-18 14:13:20,5.81
2025-02-18 14:13:25,8.48
2025-02-18 14:13:30,7.42
2025-02-18 14:13:35,7.50
2025-02-18 14:13:40,6.07
2025-02-18 14:13:45,6.51
2025-02-18 14:13:50,5.72
2025-02-18 14:13:55,9.33
2025-02-18 14:14:00,8.08
2025-02-18 14:14:05,7.92
2025-02-18 14:14:10,7.27
2025-02-18 14:14:15,8.60
2025-02-18 14:14:20,8.71
2025-02-18 14:14:25,8.22
2025-02-18 14:14:30,7.38
2025-02-18 14:14:35,8.30
2025-02-18 14:14:40,6.45
2025-02-18 14:14:45,5.55
2025-02-18 14:14:50,2.28
2025-02-18 14:14:55,2.30
2025-02-18 14:15:00,2.61
2025-02-18 14:15:05,2.09
2025-02-18 14:15:10,1.85
2025-02-18 14:15:15,1.94
2025-02-18 14:15:20,2.04
2025-02-18 14:15:25,2.32
2025-02-18 14:15:30,2.24
2025-02-18 14:15:35,2.69
2025-02-18 14:15:40,2.87
2025-02-18 14:15:45,3.48
2025-02-18 14:15:50,4.44
2025-02-18 14:15:55,5.02
2025-02-18 14:16:00,5.79
2025-02-18 14:16:05,7.03
2025-02-18 14:16:10,7.79
2025-02-18 14:16:15,6.17
2025-02-18 14:16:20,6.46
2025-02-18 14:16:25,5.65
2025-02-18 14:16:30,6.04
2025-02-18 14:16:35,6.00
2025-02-18 14:16:40,4.79
2025-02-18 14:16:45,5.43
2025-02-18 14:16:50,5.24
2025-02-18 14:16:55,5.64
2025-02-18 14:17:00,4.53
2025-02-18 14:17:05,6.21
2025-02-18 14:17:10,5.40
2025-02-18 14:17:15,4.77
2025-02-18 14:17:20,5.21
2025-02-18 14:17:25,4.69
2025-02-18 14:17:30,5.47
2025-02-18 14:17:35,10.1
2025-02-18 14:17:40,14.8
2025-02-18 14:17:45,25.4
2025-02-18 14:17:50,27.3
2025-02-18 14:17:55,30.5
2025-02-18 14:18:00,31.4
2025-02-18 14:18:05,33.2
2025-02-18 14:18:10,29.7
2025-02-18 14:18:15,30.3
2025-02-18 14:18:20,26.5
2025-02-18 14:18:25,24.5
2025-02-18 14:18:30,21.6
2025-02-18 14:18:35,19.1
2025-02-18 14:18:40,16.9
2025-02-18 14:18:45,17.5
2025-02-18 14:18:50,16.9
2025-02-18 14:18:55,13.3
2025-02-18 14:19:00,13.7
2025-02-18 14:19:05,12.6
2025-02-18 14:19:10,11.5
2025-02-18 14:19:15,9.59
2025-02-18 14:19:20,13.1
2025-02-18 14:19:25,11.9
2025-02-18 14:19:30,11.1
2025-02-18 14:19:35,10.5
2025-02-18 14:19:40,9.85
2025-02-18 14:19:45,9.54
2025-02-18 14:19:50,9.48
2025-02-18 14:19:55,9.87
2025-02-18 14:20:00,8.76
2025-02-18 14:20:05,8.77
2025-02-18 14:20:10,6.59
2025-02-18 14:20:15,7.06
2025-02-18 14:20:20,7.31
2025-02-18 14:20:25,7.15
2025-02-18 14:20:30,7.84
2025-02-18 14:20:35,7.59
2025-02-18 14:20:40,9.18
2025-02-18 14:20:45,4.06
2025-02-18 14:20:50,2.34
2025-02-18 14:20:55,2.02
2025-02-18 14:21:00,2.28
2025-02-18 14:21:05,2.55
2025-02-18 14:21:10,3.22
2025-02-18 14:21:15,4.25
2025-02-18 14:21:20,3.79
2025-02-18 14:21:25,3.27
2025-02-18 14:21:30,3.56
2025-02-18 14:21:35,5.10
2025-02-18 14:21:40,5.51
2025-02-18 14:21:45,7.37
2025-02-18 14:21:50,6.16
2025-02-18 14:21:55,6.55
2025-02-18 14:22:00,6.51
2025-02-18 14:22:05,8.22
2025-02-18 14:22:10,5.74
2025-02-18 14:22:15,7.24
2025-02-18 14:22:20,6.79
2025-02-18 14:22:25,7.21
2025-02-18 14:22:30,6.12
2025-02-18 14:22:35,5.76
2025-02-18 14:22:40,5.80
2025-02-18 14:22:45,8.60
2025-02-18 14:22:50,7.78
2025-02-18 14:22:55,5.66
2025-02-18 14:23:00,5.04
2025-02-18 14:23:05,5.12
2025-02-18 14:23:10,7.11
2025-02-18 14:23:15,6.43
2025-02-18 14:23:20,5.57
2025-02-18 14:23:25,5.90
2025-02-18 14:23:30,7.53
2025-02-18 14:23:35,6.40
2025-02-18 14:23:40,6.75
2025-02-18 14:23:45,5.78
2025-02-18 14:23:50,5.20
2025-02-18 14:23:55,4.63
2025-02-18 14:24:00,4.26
2025-02-18 14:24:05,4.92
2025-02-18 14:24:10,5.02
2025-02-18 14:24:15,5.60
2025-02-18 14:24:20,4.99
2025-02-18 14:24:25,7.24
2025-02-18 14:24:30,6.91
2025-02-18 14:24:35,7.47
2025-02-18 14:24:40,5.81
2025-02-18 14:24:45,5.67
2025-02-18 14:24:50,6.32
2025-02-18 14:24:55,8.11
2025-02-18 14:25:00,7.67
2025-02-18 14:25:05,9.08
2025-02-18 14:25:10,9.28
2025-02-18 14:25:15,10.1
2025-02-18 14:25:20,8.96
2025-02-18 14:25:25,8.57
2025-02-18 14:25:30,11.0
2025-02-18 14:25:35,10.2
2025-02-18 14:25:40,8.68
2025-02-18 14:25:45,7.18
2025-02-18 14:25:50,6.84
2025-02-18 14:25:55,6.66
2025-02-18 14:26:00,7.34
2025-02-18 14:26:05,6.05
2025-02-18 14:26:10,6.26
2025-02-18 14:26:15,6.43
2025-02-18 14:26:20,7.32
2025-02-18 14:26:25,5.98
2025-02-18 14:26:30,5.97
2025-02-18 14:26:35,5.10
2025-02-18 14:26:40,6.15
2025-02-18 14:26:45,6.01
2025-02-18 14:26:50,5.70
2025-02-18 14:26:55,5.48
2025-02-18 14:27:00,5.60
2025-02-18 14:27:05,4.17
2025-02-18 14:27:10,3.62
2025-02-18 14:27:15,3.83
2025-02-18 14:27:20,4.93
2025-02-18 14:27:25,4.44
2025-02-18 14:27:30,4.45
2025-02-18 14:27:35,4.45
2025-02-18 14:27:40,4.93
2025-02-18 14:27:45,4.04
2025-02-18 14:27:50,4.85
2025-02-18 14:27:55,5.11
2025-02-18 14:28:00,5.76
2025-02-18 14:28:05,4.83
2025-02-18 14:28:10,5.54
2025-02-18 14:28:15,5.08
2025-02-18 14:28:20,7.74
2025-02-18 14:28:25,6.17
2025-02-18 14:28:30,6.76
2025-02-18 14:28:35,6.66
2025-02-18 14:28:40,7.98
2025-02-18 14:28:45,6.37
2025-02-18 14:28:50,5.59
2025-02-18 14:28:55,6.01
2025-02-18 14:29:00,6.90
2025-02-18 14:29:05,8.38
2025-02-18 14:29:10,8.52
2025-02-18 14:29:15,6.25
2025-02-18 14:29:20,6.03
2025-02-18 14:29:25,6.53
2025-02-18 14:29:30,7.25
2025-02-18 14:29:35,7.43
2025-02-18 14:29:40,5.98
2025-02-18 14:29:45,4.16
2025-02-18 14:29:50,3.54
2025-02-18 14:29:55,5.92
2025-02-18 14:30:00,6.28
2025-02-18 14:30:05,7.04
2025-02-18 14:30:10,6.98
2025-02-18 14:30:15,6.91
2025-02-18 14:30:20,8.54
2025-02-18 14:30:25,10.7
2025-02-18 14:30:30,7.56
2025-02-18 14:30:35,7.44
2025-02-18 14:30:40,12.0
2025-02-18 14:30:45,15.5
2025-02-18 14:30:50,6.91
2025-02-18 14:30:55,8.27
2025-02-18 14:31:00,6.47
2025-02-18 14:31:05,6.54
2025-02-18 14:31:10,6.36
2025-02-18 14:31:15,8.48
2025-02-18 14:31:20,8.58
2025-02-18 14:31:25,5.46
2025-02-18 14:31:30,7.35
2025-02-18 14:31:35,8.32
2025-02-18 14:31:40,9.37
2025-02-18 14:31:45,12.1
2025-02-18 14:31:50,15.1
2025-02-18 14:31:55,18.1
2025-02-18 14:32:00,8.22
2025-02-18 14:32:05,10.4
2025-02-18 14:32:10,13.5
2025-02-18 14:32:15,9.92
2025-02-18 14:32:20,11.2
2025-02-18 14:32:25,12.4
2025-02-18 14:32:30,11.8
2025-02-18 14:32:35,8.63
2025-02-18 14:32:40,8.95
2025-02-18 14:32:45,8.55
2025-02-18 14:32:50,14.3
2025-02-18 14:32:55,13.0
2025-02-18 14:33:00,12.5
2025-02-18 14:33:05,10.5
2025-02-18 14:33:10,12.4
2025-02-18 14:33:15,13.6
2025-02-18 14:33:20,16.2
2025-02-18 14:33:25,10.2
2025-02-18 14:33:30,12.4
2025-02-18 14:33:35,14.5
2025-02-18 14:33:40,27.7
2025-02-18 14:33:45,7.14
2025-02-18 14:33:50,5.49
2025-02-18 14:33:55,6.92
2025-02-18 14:34:00,7.60
2025-02-18 14:34:05,11.3
2025-02-18 14:34:10,10.5
2025-02-18 14:34:15,10.5
2025-02-18 14:34:20,7.95
2025-02-18 14:34:25,5.73
2025-02-18 14:34:30,6.51
2025-02-18 14:34:35,7.38
2025-02-18 14:34:40,14.4
2025-02-18 14:34:45,19.0
2025-02-18 14:34:50,5.94
2025-02-18 14:34:55,4.52
2025-02-18 14:35:00,6.46
2025-02-18 14:35:05,7.82
2025-02-18 14:35:10,7.99
2025-02-18 14:35:15,7.28
2025-02-18 14:35:20,8.17
2025-02-18 14:35:25,9.02
2025-02-18 14:35:30,7.21
2025-02-18 14:35:35,6.95
2025-02-18 14:35:40,8.68
2025-02-18 14:35:45,9.04
2025-02-18 14:35:50,8.25
2025-02-18 14:35:55,10.3
2025-02-18 14:36:00,9.82
2025-02-18 14:36:05,9.38
2025-02-18 14:36:10,6.25
2025-02-18 14:36:15,6.10
2025-02-18 14:36:20,9.31
2025-02-18 14:36:25,9.91
2025-02-18 14:36:30,8.99
2025-02-18 14:36:35,9.48
2025-02-18 14:36:40,14.1
2025-02-18 14:36:45,11.3
2025-02-18 14:36:50,10.2
2025-02-18 14:36:55,12.6
2025-02-18 14:37:00,9.67
2025-02-18 14:37:05,13.5
2025-02-18 14:37:10,9.09
2025-02-18 14:37:15,12.0
2025-02-18 14:37:20,12.2
2025-02-18 14:37:25,10.9
2025-02-18 14:37:30,14.5
2025-02-18 14:37:35,9.52
2025-02-18 14:37:40,12.5
2025-02-18 14:37:45,12.4
2025-02-18 14:37:50,15.9
2025-02-18 14:37:55,8.55
2025-02-18 14:38:00,8.20
2025-02-18 14:38:05,10.3
2025-02-18 14:38:10,10.1
2025-02-18 14:38:15,11.6
2025-02-18 14:38:20,12.3
2025-02-18 14:38:25,12.0
2025-02-18 14:38:30,16.6
2025-02-18 14:38:35,15.5
2025-02-18 14:38:40,13.2
2025-02-18 14:38:45,15.4
2025-02-18 14:38:50,24.8
2025-02-18 14:38:55,20.1
2025-02-18 14:39:00,23.3
2025-02-18 14:39:05,18.6
2025-02-18 14:39:10,13.7
2025-02-18 14:39:15,18.6
2025-02-18 14:39:20,14.4
2025-02-18 14:39:25,13.8
2025-02-18 14:39:30,12.2
2025-02-18 14:39:35,11.8
2025-02-18 14:39:40,13.7
2025-02-18 14:39:45,16.5
2025-02-18 14:39:50,17.2
2025-02-18 14:39:55,11.8
2025-02-18 14:40:00,12.1
2025-02-18 14:40:05,12.1
2025-02-18 14:40:10,15.0
2025-02-18 14:40:15,16.2
2025-02-18 14:40:20,12.8
2025-02-18 14:40:25,10.5
2025-02-18 14:40:30,12.1
2025-02-18 14:40:35,15.4
2025-02-18 14:40:40,14.1
2025-02-18 14:40:45,14.8
2025-02-18 14:40:50,13.1
2025-02-18 14:40:55,12.2
2025-02-18 14:41:00,15.7
2025-02-18 14:41:05,17.6
2025-02-18 14:41:10,19.2
2025-02-18 14:41:15,14.4
2025-02-18 14:41:20,15.9
2025-02-18 14:41:25,15.1
2025-02-18 14:41:30,12.1
2025-02-18 14:41:35,10.8
2025-02-18 14:41:40,12.0
2025-02-18 14:41:45,10.1
2025-02-18 14:41:50,10.1
2025-02-18 14:41:55,10.9
2025-02-18 14:42:00,22.5
2025-02-18 14:42:05,38.8
2025-02-18 14:42:10,35.6
2025-02-18 14:42:15,44.7
2025-02-18 14:42:20,44.9
2025-02-18 14:42:25,60.0
2025-02-18 14:42:30,50.5
2025-02-18 14:42:35,48.2
2025-02-18 14:42:40,65.3
2025-02-18 14:42:45,53.0
2025-02-18 14:42:50,33.9
2025-02-18 14:42:55,31.4
2025-02-18 14:43:00,69.3
2025-02-18 14:43:05,39.9
2025-02-18 14:43:10,26.7
2025-02-18 14:43:15,29.6
2025-02-18 14:43:20,31.0
2025-02-18 14:43:25,32.0
2025-02-18 14:43:30,33.6
2025-02-18 14:43:35,28.8
2025-02-18 14:43:40,25.9
2025-02-18 14:43:45,32.8
2025-02-18 14:43:50,25.4
2025-02-18 14:43:55,24.3
2025-02-18 14:44:00,29.6
2025-02-18 14:44:05,38.3
2025-02-18 14:44:10,66.1
2025-02-18 14:44:15,25.6
2025-02-18 14:44:20,23.2
2025-02-18 14:44:25,34.9
2025-02-18 14:44:30,15.4
2025-02-18 14:44:35,14.1
2025-02-18 14:44:40,53.4
2025-02-18 14:44:45,29.3
2025-02-18 14:44:50,20.0
2025-02-18 14:44:55,18.6
2025-02-18 14:45:00,24.1
2025-02-18 14:45:05,20.9
2025-02-18 14:45:10,31.5
2025-02-18 14:45:15,11.8
2025-02-18 14:45:20,17.5
2025-02-18 14:45:25,14.5
2025-02-18 14:45:30,15.7
2025-02-18 14:45:35,13.2
2025-02-18 14:45:40,14.1
2025-02-18 14:45:45,13.3
2025-02-18 14:45:50,35.7
2025-02-18 14:45:55,21.1
2025-02-18 14:46:00,108
2025-02-18 14:46:05,51.4
2025-02-18 14:46:10,23.9
2025-02-18 14:46:15,15.0
2025-02-18 14:46:20,21.6
2025-02-18 14:46:25,21.1
2025-02-18 14:46:30,18.7
2025-02-18 14:46:35,37.0
2025-02-18 14:46:40,38.5
2025-02-18 14:46:45,50.5
2025-02-18 14:46:50,64.9
2025-02-18 14:46:55,28.5
2025-02-18 14:47:00,99.8
2025-02-18 14:47:05,137
2025-02-18 14:47:10,41.4
2025-02-18 14:47:15,28.5
2025-02-18 14:47:20,55.5
2025-02-18 14:47:25,25.5
2025-02-18 14:47:30,45.0
2025-02-18 14:47:35,32.9
2025-02-18 14:47:40,29.2
2025-02-18 14:47:45,42.5
2025-02-18 14:47:50,27.8
2025-02-18 14:47:55,26.5
2025-02-18 14:48:00,20.3
2025-02-18 14:48:05,34.7
2025-02-18 14:48:10,50.3
2025-02-18 14:48:15,21.8
2025-02-18 14:48:20,62.1
2025-02-18 14:48:25,34.2
2025-02-18 14:48:30,42.2
2025-02-18 14:48:35,43.2
2025-02-18 14:48:40,28.0
2025-02-18 14:48:45,10.5
2025-02-18 14:48:50,17.3
2025-02-18 14:48:55,21.5
2025-02-18 14:49:00,16.3
2025-02-18 14:49:05,10.0
2025-02-18 14:49:10,2.24
2025-02-18 14:49:15,2.73
2025-02-18 14:49:20,2.16
2025-02-18 14:49:25,3.08
2025-02-18 14:49:30,4.35
2025-02-18 14:49:35,4.48
2025-02-18 14:49:40,5.30
2025-02-18 14:49:45,6.70
2025-02-18 14:49:50,6.95
2025-02-18 14:49:55,8.06
2025-02-18 14:50:00,7.21
2025-02-18 14:50:05,7.00
2025-02-18 14:50:10,8.32
2025-02-18 14:50:15,6.74
2025-02-18 14:50:20,8.35
2025-02-18 14:50:25,6.30
2025-02-18 14:50:30,6.34
2025-02-18 14:50:35,5.44
2025-02-18 14:50:40,5.56
2025-02-18 14:50:45,6.49
2025-02-18 14:50:50,6.95
2025-02-18 14:50:55,6.76
2025-02-18 14:51:00,6.34
2025-02-18 14:51:05,8.24
2025-02-18 14:51:10,10.2
2025-02-18 14:51:15,10.3
2025-02-18 14:51:20,10.5
2025-02-18 14:51:25,12.0
2025-02-18 14:51:30,14.5
2025-02-18 14:51:35,15.3
2025-02-18 14:51:40,16.4
2025-02-18 14:51:45,14.0
2025-02-18 14:51:50,12.6
2025-02-18 14:51:55,10.5
2025-02-18 14:52:00,11.7
2025-02-18 14:52:05,12.2
2025-02-18 14:52:10,14.9
2025-02-18 14:52:15,12.2
2025-02-18 14:52:20,13.7
2025-02-18 14:52:25,13.0
2025-02-18 14:52:30,15.4
2025-02-18 14:52:35,14.1
2025-02-18 14:52:40,11.9
2025-02-18 14:52:45,20.1
2025-02-18 14:52:50,35.2
2025-02-18 14:52:55,24.3
2025-02-18 14:53:00,21.8
2025-02-18 14:53:05,16.3
2025-02-18 14:53:10,20.8
2025-02-18 14:53:15,12.5
2025-02-18 14:53:20,9.29
2025-02-18 14:53:25,10.7
2025-02-18 14:53:30,6.93
2025-02-18 14:53:35,9.31
2025-02-18 14:53:40,9.35
2025-02-18 14:53:45,8.20
2025-02-18 14:53:50,8.88
2025-02-18 14:53:55,7.70
2025-02-18 14:54:00,8.52
2025-02-18 14:54:05,9.62
2025-02-18 14:54:10,10.2
2025-02-18 14:54:15,10.6
2025-02-18 14:54:20,8.76
2025-02-18 14:54:25,10.7
2025-02-18 14:54:30,11.3
2025-02-18 14:54:35,11.0
2025-02-18 14:54:40,9.35
2025-02-18 14:54:45,10.2
2025-02-18 14:54:50,11.0
2025-02-18 14:54:55,11.9
2025-02-18 14:55:00,13.6
2025-02-18 14:55:05,12.2
2025-02-18 14:55:10,13.3
2025-02-18 14:55:15,18.2
2025-02-18 14:55:20,23.5
2025-02-18 14:55:25,25.0
2025-02-18 14:55:30,15.1
2025-02-18 14:55:35,14.9
2025-02-18 14:55:40,12.9
2025-02-18 14:55:45,15.6
2025-02-18 14:55:50,13.1
2025-02-18 14:55:55,15.4
2025-02-18 14:56:00,15.1
2025-02-18 14:56:05,16.1
2025-02-18 14:56:10,13.7
2025-02-18 14:56:15,12.0
2025-02-18 14:56:20,12.4
2025-02-18 14:56:25,12.7
2025-02-18 14:56:30,10.2
2025-02-18 14:56:35,13.6
2025-02-18 14:56:40,14.8
2025-02-18 14:56:45,12.1
2025-02-18 14:56:50,12.6
2025-02-18 14:56:55,12.8
2025-02-18 14:57:00,13.3
2025-02-18 14:57:05,41.1
2025-02-18 14:57:10,49.7
2025-02-18 14:57:15,40.0
2025-02-18 14:57:20,40.6
2025-02-18 14:57:25,27.3
2025-02-18 14:57:30,29.1
2025-02-18 14:57:35,12.4
2025-02-18 14:57:40,11.6
2025-02-18 14:57:45,27.3
2025-02-18 14:57:50,18.2
2025-02-18 14:57:55,11.1
2025-02-18 14:58:00,11.9
2025-02-18 14:58:05,16.3
2025-02-18 14:58:10,25.7
2025-02-18 14:58:15,30.9
2025-02-18 14:58:20,28.3
2025-02-18 14:58:25,25.8
2025-02-18 14:58:30,27.7
2025-02-18 14:58:35,19.7
2025-02-18 14:58:40,13.6
2025-02-18 14:58:45,19.7
2025-02-18 14:58:50,18.8
2025-02-18 14:58:55,14.2
2025-02-18 14:59:00,16.8
2025-02-18 14:59:05,22.2
2025-02-18 14:59:10,40.8
2025-02-18 14:59:15,33.8
2025-02-18 14:59:20,14.3
2025-02-18 14:59:25,12.9
2025-02-18 14:59:30,18.5
2025-02-18 14:59:35,19.5
2025-02-18 14:59:40,24.3
2025-02-18 14:59:45,22.2
2025-02-18 14:59:50,16.1
2025-02-18 14:59:55,13.2
2025-02-18 15:00:00,19.1
2025-02-18 15:00:05,28.4
2025-02-18 15:00:10,12.2
2025-02-18 15:00:15,11.9
2025-02-18 15:00:20,13.0
2025-02-18 15:00:25,25.4
2025-02-18 15:00:30,19.5
2025-02-18 15:00:35,16.8
2025-02-18 15:00:40,12.3
2025-02-18 15:00:45,11.4
2025-02-18 15:00:50,11.0
2025-02-18 15:00:55,13.1
2025-02-18 15:01:00,19.9
2025-02-18 15:01:05,14.2
2025-02-18 15:01:10,17.6
2025-02-18 15:01:15,21.2
2025-02-18 15:01:20,16.7
2025-02-18 15:01:25,11.3
2025-02-18 15:01:30,9.61
2025-02-18 15:01:35,9.64
2025-02-18 15:01:40,9.86
2025-02-18 15:01:45,11.5
2025-02-18 15:01:50,11.2
2025-02-18 15:01:55,29.9
2025-02-18 15:02:00,36.4
2025-02-18 15:02:05,10.4
2025-02-18 15:02:10,8.75
2025-02-18 15:02:15,12.3
2025-02-18 15:02:20,10.7
2025-02-18 15:02:25,12.0
2025-02-18 15:02:30,13.1
2025-02-18 15:02:35,11.4
2025-02-18 15:02:40,13.5
2025-02-18 15:02:45,7.99
2025-02-18 15:02:50,8.74
2025-02-18 15:02:55,12.3
2025-02-18 15:03:00,6.06
2025-02-18 15:03:05,10.2
2025-02-18 15:03:10,10.8
2025-02-18 15:03:15,8.43
2025-02-18 15:03:20,11.8
2025-02-18 15:03:25,9.29
2025-02-18 15:03:30,15.6
2025-02-18 15:03:35,6.72
2025-02-18 15:03:40,5.88
2025-02-18 15:03:45,10.1
2025-02-18 15:03:50,7.11
2025-02-18 15:03:55,10.1
2025-02-18 15:04:00,19.2
2025-02-18 15:04:05,12.7
2025-02-18 15:04:10,4.85
2025-02-18 15:04:15,6.50
2025-02-18 15:04:20,6.72
2025-02-18 15:04:25,4.40
2025-02-18 15:04:30,3.19
2025-02-18 15:04:35,5.44
2025-02-18 15:04:40,6.13
2025-02-18 15:04:45,6.72
2025-02-18 15:04:50,8.67
2025-02-18 15:04:55,11.3
2025-02-18 15:05:00,7.57
2025-02-18 15:05:05,10.1
2025-02-18 15:05:10,8.18
2025-02-18 15:05:15,9.35
2025-02-18 15:05:20,6.82
2025-02-18 15:05:25,12.4
2025-02-18 15:05:30,13.2
2025-02-18 15:05:35,8.90
2025-02-18 15:05:40,12.8
2025-02-18 15:05:45,12.8
2025-02-18 15:05:50,17.5
2025-02-18 15:05:55,12.3
2025-02-18 15:06:00,13.1
2025-02-18 15:06:05,9.26
2025-02-18 15:06:10,10.6
2025-02-18 15:06:15,8.00
2025-02-18 15:06:20,7.22
2025-02-18 15:06:25,5.41
2025-02-18 15:06:30,7.80
2025-02-18 15:06:35,12.6
2025-02-18 15:06:40,9.20
2025-02-18 15:06:45,3.17
2025-02-18 15:06:50,1.16
2025-02-18 15:06:55,1.45
2025-02-18 15:07:00,1.90
2025-02-18 15:07:05,2.46
2025-02-18 15:07:10,2.11
2025-02-18 15:07:15,3.71
2025-02-18 15:07:20,3.42
2025-02-18 15:07:25,4.31
2025-02-18 15:07:30,4.12
2025-02-18 15:07:35,4.25
2025-02-18 15:07:40,4.21
2025-02-18 15:07:45,4.37
2025-02-18 15:07:50,5.12
2025-02-18 15:07:55,5.43
2025-02-18 15:08:00,7.18
2025-02-18 15:08:05,6.87
2025-02-18 15:08:10,6.48
2025-02-18 15:08:15,8.07
2025-02-18 15:08:20,7.55
2025-02-18 15:08:25,10.2
2025-02-18 15:08:30,12.0
2025-02-18 15:08:35,9.38
2025-02-18 15:08:40,7.79
2025-02-18 15:08:45,6.92
2025-02-18 15:08:50,8.02
2025-02-18 15:08:55,6.84
2025-02-18 15:09:00,8.35
2025-02-18 15:09:05,9.01
2025-02-18 15:09:10,8.57
2025-02-18 15:09:15,7.56
2025-02-18 15:09:20,10.8
2025-02-18 15:09:25,13.4
2025-02-18 15:09:30,13.6
2025-02-18 15:09:35,16.6
2025-02-18 15:09:40,12.6
2025-02-18 15:09:45,10.9
2025-02-18 15:09:50,10.2
2025-02-18 15:09:55,10.2
2025-02-18 15:10:00,9.70
2025-02-18 15:10:05,8.72
2025-02-18 15:10:10,11.0
2025-02-18 15:10:15,7.58
2025-02-18 15:10:20,5.87
2025-02-18 15:10:25,6.36
2025-02-18 15:10:30,6.18
2025-02-18 15:10:35,6.60
2025-02-18 15:10:40,5.79
2025-02-18 15:10:45,5.99
2025-02-18 15:10:50,5.65
2025-02-18 15:10:55,6.73
2025-02-18 15:11:00,7.95
2025-02-18 15:11:05,6.90
2025-02-18 15:11:10,6.58
2025-02-18 15:11:15,7.46
2025-02-18 15:11:20,7.69
2025-02-18 15:11:25,7.56
2025-02-18 15:11:30,8.59
2025-02-18 15:11:35,7.27
2025-02-18 15:11:40,8.85
2025-02-18 15:11:45,7.83
2025-02-18 15:11:50,7.58
2025-02-18 15:11:55,5.57
2025-02-18 15:12:00,6.60
2025-02-18 15:12:05,7.48
2025-02-18 15:12:10,6.98
2025-02-18 15:12:15,6.49
2025-02-18 15:12:20,5.92
2025-02-18 15:12:25,6.80
2025-02-18 15:12:30,6.85
2025-02-18 15:12:35,5.56
2025-02-18 15:12:40,7.99
2025-02-18 15:12:45,8.81
2025-02-18 15:12:50,11.7
2025-02-18 15:12:55,10.6
2025-02-18 15:13:00,12.8
2025-02-18 15:13:05,11.2
2025-02-18 15:13:10,13.8
2025-02-18 15:13:15,13.5
2025-02-18 15:13:20,13.7
2025-02-18 15:13:25,11.5
2025-02-18 15:13:30,11.6
2025-02-18 15:13:35,9.58
2025-02-18 15:13:40,8.99
2025-02-18 15:13:45,10.2
2025-02-18 15:13:50,8.33
2025-02-18 15:13:55,8.09
2025-02-18 15:14:00,7.03
2025-02-18 15:14:05,7.20
2025-02-18 15:14:10,6.93
2025-02-18 15:14:15,7.49
2025-02-18 15:14:20,6.55
2025-02-18 15:14:25,6.27
2025-02-18 15:14:30,9.08
2025-02-18 15:14:35,7.24
2025-02-18 15:14:40,6.26
2025-02-18 15:14:45,7.88
2025-02-18 15:14:50,8.19
2025-02-18 15:14:55,8.74
2025-02-18 15:15:00,9.04
2025-02-18 15:15:05,9.97
2025-02-18 15:15:10,9.59
2025-02-18 15:15:15,36.3
2025-02-18 15:15:20,43.9
2025-02-18 15:15:25,45.4
2025-02-18 15:15:30,37.6
2025-02-18 15:15:35,36.0
2025-02-18 15:15:40,33.4
2025-02-18 15:15:45,32.2
2025-02-18 15:15:50,31.2
2025-02-18 15:15:55,26.1
2025-02-18 15:16:00,24.0
2025-02-18 15:16:05,28.8
2025-02-18 15:16:10,32.7
2025-02-18 15:16:15,23.9
2025-02-18 15:16:20,22.9
2025-02-18 15:16:25,22.3
2025-02-18 15:16:30,19.8
2025-02-18 15:16:35,32.2
2025-02-18 15:16:40,32.1
2025-02-18 15:16:45,38.5
2025-02-18 15:16:50,41.4
2025-02-18 15:16:55,30.5
2025-02-18 15:17:00,34.7
2025-02-18 15:17:05,24.2
2025-02-18 15:17:10,27.2
2025-02-18 15:17:15,13.5
2025-02-18 15:17:20,7.62
2025-02-18 15:17:25,8.85
2025-02-18 15:17:30,7.88
2025-02-18 15:17:35,5.91
2025-02-18 15:17:40,5.72
2025-02-18 15:17:45,5.80
2025-02-18 15:17:50,6.14
2025-02-18 15:17:55,6.04
2025-02-18 15:18:00,5.30
2025-02-18 15:18:05,5.74
2025-02-18 15:18:10,4.99
2025-02-18 15:18:15,4.36
2025-02-18 15:18:20,4.81
2025-02-18 15:18:25,4.35
2025-02-18 15:18:30,5.34
2025-02-18 15:18:35,5.03
2025-02-18 15:18:40,4.24
2025-02-18 15:18:45,4.49
2025-02-18 15:18:50,3.70
2025-02-18 15:18:55,4.09
2025-02-18 15:19:00,3.95
2025-02-18 15:19:05,4.43
2025-02-18 15:19:10,4.55
2025-02-18 15:19:15,4.77
2025-02-18 15:19:20,4.57
2025-02-18 15:19:25,3.90
2025-02-18 15:19:30,4.40
2025-02-18 15:19:35,3.62
2025-02-18 15:19:40,4.22
2025-02-18 15:19:45,3.99
2025-02-18 15:19:50,4.55
2025-02-18 15:19:55,4.43
2025-02-18 15:20:00,4.56